MD7047d_lo0003,_lo0004,_lo0015,_lo0016,_lo0033,_lo0034,_lo0065,_lo0066,_lo0070,_lo0071,_lo0074,_lo0078,_lo0079,_lo0080,_lo0087,_lo0088,_lo0089,_lo0091,_lo0093,_lo0095,_lo0096,_lo0101,_lo0102,_lo0105,_lo0106,_lo0109,_lo0110,_lo0112,_lo0113,_lo0114,_lo0123,_lo0124,_lo0125,_lo0126,_lo0127,_lo0128,_lo0129,_lo0130,_lo0131,_lo0132,_lo0133,_lo0137,_lo0138,_lo0139,_lo0140,_lo0141,_lo0142,_lo0143,_lo0144,_lo0145,_lo0149,_lo0150,_lo0151,_lo0152,_lo0153,_lo0156,_lo0157,_lo0158,_lo0159,_lo0160,_lo0161,cluster_id,no.of.mutations.assigned
0.000222627,0.000330712,0.000349029,0.000299658,0.00029134,0.333752086,0.000188758,0.000230341,0.000279718,0.000267904,0.00023398,0.000255956,0.000294177,0.000297377,0.000233231,0.000200477,0.000209845,0.000301743,0.000247656,0.000260436,0.000305946,0.000214158,0.000242892,0.000333818,0.000274442,0.000263475,0.000207681,0.000195632,0.000224341,0.000343716,0.000205386,0.000253179,0.000287444,0.000256969,0.000290353,0.00027663,0.000307167,0.000313352,0.000247225,0.00023491,0.000363596,0.000223164,0.000237645,0.000275406,0.000250313,0.000334434,0.000297765,0.000364207,0.00024345,0.000300297,0.000379261,0.000406372,0.000181585,0.000255102,0.000244132,0.000269836,0.000389158,0.000312789,0.000235733,0.000214917,0.000342786,Cl.1,17551
0.644730753,0.814961197,0.876761713,0.861024943,0.000684045,0.000699451,0.000488102,0.42426053,0.000647916,0.000648417,0.00072574,0.000515127,0.000646438,0.000697848,0.391653977,0.951030282,0.040311166,0.791679065,0.476575802,0.00054207,0.000405785,0.950121745,0.605668325,0.00071261,0.000608313,0.000717195,0.000680815,0.00082855,0.000955062,0.000526119,0.00049184,0.000522948,0.000606643,0.000577125,0.000764995,0.596870951,0.000530187,0.000572454,0.000764707,0.000471882,0.001158288,0.000556398,0.000497488,0.000636181,0.000803966,0.000664254,0.000583563,0.000414786,0.000961626,0.000726,0.000601103,0.000681188,0.000373855,0.000336805,0.00051999,0.000352631,0.001166089,0.00075493,0.000778386,0.000856529,0.000597472,Cl.3,1288
0.642640774,0.821822738,0.88030431,0.870112984,0.000357207,0.000312295,0.000232016,0.427119989,0.000449098,0.000353535,0.66740093,0.330379773,0.845561205,0.808871358,0.397554451,0.950220286,0.039699438,0.799321495,0.48623903,0.896982859,0.893386068,0.956298472,0.608419173,0.000328985,0.000399127,0.60120735,0.000438587,0.001108721,0.870901408,0.915397098,0.000237147,0.000399637,0.000334715,0.000436029,0.615294894,0.605122461,0.000367472,0.000424329,0.000397536,0.000383217,0.000374288,0.00035699,0.000339244,0.000347174,0.00026025,0.001697535,0.000581165,0.000324803,0.000301643,0.00035703,0.000458548,0.000576866,0.000486847,0.000342324,0.000289797,0.00047475,0.000299436,0.000344143,0.000468992,0.00030936,0.000496769,Cl.5,5167
0.000292411,0.000374458,0.000384354,0.000333844,0.000264639,0.00028478,0.000227288,0.000249064,0.000290342,0.000270323,0.000291681,0.00031398,0.298649686,0.774863816,0.000253978,0.000283784,0.000307903,0.000308201,0.000309156,0.00027833,0.000281274,0.000274775,0.00033838,0.00023449,0.000229002,0.000289926,0.000235287,0.000291023,0.000357825,0.000392722,0.000236277,0.000244937,0.000311993,0.000176293,0.000302889,0.000378613,0.000340112,0.000412304,0.000327758,0.000390199,0.000353938,0.000318572,0.00026309,0.000332223,0.00027511,0.000438152,0.000263478,0.000326136,0.000345417,0.000338458,0.000431245,0.000386672,0.000285732,0.000322509,0.000319759,0.000398041,0.000472905,0.000370573,0.00034255,0.000184343,0.000367845,Cl.8,9413
0.000239221,0.000304587,0.000280719,0.000321958,0.000323302,0.000288613,0.000276681,0.000273417,0.000283403,0.000276249,0.000276989,0.000327435,0.000252614,0.000277217,0.000313087,0.000221787,0.000317197,0.000262046,0.000273349,0.000304265,0.0002623,0.000299088,0.00028323,0.000238195,0.000242368,0.00028778,0.660846946,0.358642619,0.000303364,0.000331738,0.000313787,0.000203713,0.000260257,0.000243247,0.000244772,0.00025696,0.00036536,0.000329205,0.000300351,0.000326885,0.000264666,0.000268038,0.000347721,0.00033245,0.00025584,0.000402886,0.000270521,0.000358608,0.005153488,0.000364059,0.000442239,0.000416277,0.000221024,0.0002779,0.000489284,0.000312504,0.000378657,0.000300904,0.00046244,0.000349349,0.000292529,Cl.9,9377
0.000202282,0.000286679,0.000326713,0.00038007,0.000343156,0.000313659,0.000259405,0.000285183,0.000289406,0.000254598,0.000266808,0.000219782,0.000275853,0.000307092,0.000263398,0.000246936,0.000275174,0.000305315,0.000262755,0.00030465,0.000239364,0.000241425,0.000289078,0.000243983,0.000202259,0.000247329,0.000203311,0.000223572,0.000280075,0.000318266,0.000187999,0.000296529,0.00022989,0.000174976,0.000303648,0.000313087,0.000269753,0.000254546,0.000311633,0.000332728,0.000335228,0.000275041,0.000369602,0.000327976,0.000257426,0.001165457,0.344360566,0.22272403,0.003843021,0.000276677,0.000340508,0.000396499,0.000213416,0.000356369,0.000253442,0.000286312,0.000377074,0.000256365,0.000252764,0.000303368,0.000243142,Cl.10,12969
0.000282756,0.000276334,0.000391482,0.000330271,0.000284742,0.000321421,0.000250028,0.000255182,0.00028283,0.00035362,0.000261168,0.000272635,0.00023374,0.000325382,0.000243441,0.000266675,0.0002685,0.000231243,0.000216041,0.000340856,0.000280511,0.000336833,0.000245601,0.00029438,0.000266316,0.000253807,0.000243687,0.000233086,0.000233042,0.000215202,0.000184638,0.000207964,0.000239945,0.000232066,0.000300061,0.00030785,0.00154714,0.034108264,0.000387802,0.000307707,0.000342345,0.07733329,0.000321436,0.000340152,0.000311735,0.000290084,0.000332112,0.000310767,0.000268731,0.000331625,0.100393521,0.145264899,0.000467983,0.000272567,0.000316732,0.092566284,0.000366974,0.000365432,0.000352236,0.000255526,0.000357721,Cl.12,11958
0.000254899,0.000344307,0.000257906,0.000288546,0.00036213,0.000310742,0.00021967,0.000249993,0.000287477,0.000331319,0.000215167,0.000282485,0.000273416,0.000246015,0.000225721,0.000308574,0.000260143,0.000221359,0.000248856,0.000290352,0.000236857,0.000272425,0.000309563,0.000269179,0.000197295,0.000251512,0.000372212,0.000414629,0.000306434,0.000278459,0.000222818,0.000256437,0.000325726,0.000269955,0.000382184,0.000278118,0.03473425,0.000489771,0.000282648,0.000283513,0.00049325,0.000580114,0.016173616,0.047489513,0.000230253,0.065235899,0.000310816,0.000271522,0.149006002,0.00036202,0.000383914,0.000408295,0.000259309,0.000352806,0.000314227,0.000400755,0.045910241,0.014982987,0.000254603,0.000269763,0.027700274,Cl.13,8317
0.000481521,0.000549278,0.000532643,0.00042466,0.000495498,0.000407593,0.000334532,0.000422101,0.000310482,0.000477615,0.000347548,0.261695436,0.000372848,0.00040095,0.000356464,0.000377573,0.000293806,0.000364719,0.000518071,0.00043353,0.000517693,0.000393196,0.000332001,0.00042467,0.000415677,0.350843624,0.000347579,0.000930235,0.000246251,0.000334078,0.000275958,0.000341138,0.000393925,0.000322792,0.370933666,0.000697874,0.000382341,0.000497133,0.000349769,0.000318457,0.000405292,0.000362481,0.000406194,0.000279328,0.000510758,0.00036785,0.000450039,0.000386575,0.000537567,0.00022605,0.000467431,0.000571234,0.000556465,0.000355089,0.000300371,0.000375139,0.000601919,0.000506899,0.000465304,0.000325755,0.000333922,Cl.14,2795
0.00121142,0.001507179,0.001634636,0.001760044,0.000859487,0.001541662,0.001270582,0.0012528,0.001370879,0.001469011,0.001111293,0.001414648,0.000850802,0.001706931,0.001209806,0.001279695,0.00142481,0.001489397,0.001885193,0.001415112,0.001497616,0.001332042,0.001430462,0.001220123,0.001193743,0.001394683,0.001112251,0.001326494,0.001102136,0.001465962,0.001052265,0.001228981,0.001286195,0.001361342,0.001297916,0.001498524,0.001113778,0.001381819,0.00482512,0.001623125,0.00152076,0.001347766,0.001207839,0.000937641,0.001016174,0.001333439,0.001519034,0.000573754,0.0004667,0.001500791,0.001671894,0.001667593,0.00398138,0.000608074,0.072209855,0.001112813,0.000886097,0.001640424,0.003868691,0.000898796,0.001165634,Cl.15,28882
0.000276988,0.000242554,0.000337785,0.000361012,0.000289616,0.000349164,0.000270126,0.000189821,0.000287184,0.0003129,0.000244148,0.000279908,0.000311082,0.000285381,0.000260186,0.00030331,0.000210656,0.000215064,0.000213106,0.00025725,0.0002877,0.000202643,0.000247401,0.000187381,0.000271119,0.000342856,0.000275215,0.000320593,0.000204677,0.000334463,0.000270841,0.000300062,0.000218595,0.000240985,0.000259011,0.000328833,0.000274111,0.000455252,0.000263219,0.000323494,0.000280405,0.000316225,0.000242735,0.000250322,0.00023724,0.000371089,0.001100686,0.346733351,0.000294044,0.000223986,0.000292383,0.000393161,0.000307201,0.000257153,0.000329802,0.000235709,0.000242687,0.000411662,0.000417708,0.000259156,0.000281376,Cl.16,14745
0.638009026,0.820378653,0.077194683,0.866733053,0.000483637,0.000444537,0.000391313,0.035149473,0.000479033,0.000565325,0.000403442,0.000515173,0.000454933,0.000411231,0.060340231,0.666119139,0.004711359,0.102785826,0.02923961,0.000283867,0.00054212,0.427926655,0.042711168,0.000421372,0.000295256,0.000531374,0.000724178,0.000787067,0.000387024,0.000389086,0.000337083,0.000528299,0.000415203,0.000385208,0.000305679,0.104563705,0.00039019,0.00061376,0.000284566,0.000375554,0.000559817,0.000547805,0.000445503,0.000551758,0.000466285,0.000468695,0.000635408,0.000399444,0.000504432,0.000481454,0.000538522,0.000554827,0.000595107,0.000545636,0.000690819,0.000353375,0.000563857,0.000578627,0.000308532,0.00039131,0.000654636,Cl.18,2610
0.001715379,0.002097473,0.001201353,0.001697595,0.001701495,0.001329032,0.279062511,0.198086097,0.169298316,0.252547178,0.001400472,0.001598454,0.001339375,0.001258235,0.002258337,0.001851944,0.001772259,0.001501271,0.077444067,0.00192444,0.001638684,0.001945874,0.001550634,0.045185896,0.023506785,0.001925931,0.037168799,0.076578373,0.001801943,0.001741253,0.039994791,0.031772501,0.001562344,0.012471014,0.007568558,0.001456628,0.00159848,0.001751947,0.001434325,0.001515634,0.001388714,0.001403182,0.001263722,0.002199145,0.001569805,0.001236824,0.001728808,0.001336281,0.015852592,0.001465178,0.001830989,0.002005123,0.001553953,0.001546977,0.001781939,0.001916903,0.002543642,0.001403646,0.001314344,0.001786032,0.001857807,Cl.20,258
0.640404646,0.819135738,0.881301047,0.869146025,0.000518844,0.000577098,0.000641544,0.427252004,0.000473683,0.000504555,0.661241769,0.331077525,0.008334103,0.000498276,0.396447002,0.952792025,0.041480071,0.786997857,0.486125215,0.896153817,0.900800032,0.95923239,0.616063767,0.000481517,0.000523952,0.601746298,0.000499001,0.000817265,0.8838114,0.915890625,0.000384708,0.000467676,0.000472733,0.000406776,0.618001227,0.6008857,0.000474142,0.000621262,0.000603247,0.000605887,0.000513538,0.000632103,0.000501707,0.000525005,0.000602717,0.000454541,0.000389177,0.00042563,0.000548563,0.000547933,0.000865761,0.000495378,0.001101492,0.000487919,0.000299297,0.000213592,0.00055712,0.000662988,0.000756299,0.000495211,0.000564765,Cl.21,2298
0.000219791,0.000314572,0.000311089,0.000327254,0.000285472,0.00028881,0.000148044,0.000182194,0.000266769,0.000281504,0.000167856,0.00027506,0.312979872,0.000267182,0.000270774,0.000284486,0.000318389,0.000379699,0.000214674,0.00038626,0.000220971,0.000251063,0.000305436,0.00023912,0.000335002,0.000285002,0.000367104,0.000267957,0.00024846,0.000336899,0.000278157,0.000397548,0.000288339,0.00024699,0.000185819,0.000300608,0.000279591,0.000373922,0.00030087,0.000245151,0.000431833,0.000347409,0.000288905,0.000408048,0.000459484,0.000231675,0.000289719,0.000316562,0.000376768,0.0001921,0.000391629,0.000404135,0.000297821,0.000267042,0.000134265,0.000557841,0.000360386,0.000334044,0.000279159,0.000305976,0.000418916,Cl.23,8744
0.000552466,0.000602835,0.418477711,0.000607232,0.000542019,0.000858764,0.000557728,0.394551943,0.000653679,0.000597993,0.000587938,0.000564558,0.000422919,0.000337658,0.325167728,0.268233748,0.033861554,0.685683798,0.441677708,0.000690834,0.000640531,0.514004612,0.551582461,0.00045742,0.000727088,0.00054228,0.000535095,0.000488658,0.000587554,0.000556519,0.000552174,0.000453312,0.000468073,0.000502935,0.000328867,0.498060549,0.000780461,0.00050733,0.000947863,0.000774744,0.000538547,0.000738914,0.000490595,0.00064371,0.000615646,0.000567177,0.000714729,0.000801832,0.000516584,0.000623159,0.000771386,0.000798853,0.000632212,0.000489967,0.000564064,0.000675456,0.000886482,0.000660782,0.000487533,0.000658594,0.000772207,Cl.25,1844
0.000415041,0.000357824,0.000264142,0.000448298,0.000354867,0.000361636,0.720451442,0.450351808,0.75121942,0.822553387,0.000255555,0.000385068,0.000365961,0.000398466,0.000377134,0.000526229,0.000353694,0.000459858,0.149727179,0.000431782,0.000413824,0.000350297,0.000299278,0.792316254,0.379794261,0.003602627,0.726077137,0.863082915,0.000287632,0.000392707,0.760904202,0.513044458,0.000360878,0.185426143,0.083269165,0.000426241,0.000376766,0.000309856,0.000599702,0.00053341,0.000284801,0.000357091,0.000441461,0.000572118,0.000408944,0.000500763,0.000347583,0.000421934,0.346869329,0.000507964,0.00043538,0.000517164,0.000576126,0.000418545,0.000638763,0.000662025,0.000368894,0.000425104,0.000470417,0.000617713,0.000442582,Cl.30,4636
0.003926167,0.00431161,0.005234347,0.003192307,0.004221695,0.003123581,0.002931127,0.004395736,0.004490246,0.00345261,0.346947534,0.029866008,0.00376991,0.004086186,0.003015522,0.004450175,0.004607792,0.003855185,0.00364873,0.601440883,0.903001141,0.003585272,0.00346331,0.003670877,0.00343952,0.041549062,0.003003641,0.003718045,0.862938783,0.83592226,0.003577045,0.004677469,0.003906348,0.003860388,0.049247396,0.003845067,0.004210626,0.003513309,0.00353658,0.004209716,0.004144353,0.003892487,0.002676159,0.004178909,0.003583469,0.003300279,0.00519945,0.002679969,0.003813016,0.005775488,0.003950643,0.003942333,0.003048664,0.004114256,0.007290228,0.004769652,0.003983355,0.004127234,0.003074381,0.005096238,0.002993067,Cl.31,160
0.000887723,0.000811023,0.001214018,0.000859016,0.000732395,0.001007117,0.00139309,0.001122003,0.361762096,0.041625727,0.000807125,0.000911221,0.000692181,0.000896482,0.000798468,0.000904243,0.000542773,0.000938386,0.000725592,0.000966955,0.000903747,0.001354821,0.000717894,0.00074771,0.000911106,0.000589824,0.000860133,0.000998213,0.001102567,0.000779794,0.000614695,0.000694844,0.000757244,0.00091397,0.000923797,0.000859864,0.000890713,0.000746075,0.000742333,0.000506429,0.000780669,0.000750332,0.000789312,0.000845255,0.000616676,0.000794873,0.000971177,0.000707491,0.001234756,0.000851096,0.000840102,0.000671984,0.000838357,0.000847306,0.000786815,0.000848564,0.000968906,0.000876405,0.00085146,0.000975697,0.00072907,Cl.34,835
0.001021322,0.001034873,0.001184196,0.000886052,0.000631709,0.000793379,0.00086654,0.001152791,0.000862746,0.001044078,0.001070382,0.000872424,0.001336167,0.000879599,0.001727098,0.001229685,0.057358624,0.002371798,0.000989065,0.001143321,0.000859942,0.001110593,0.001013108,0.252072682,0.064306147,0.000927925,0.001006678,0.001281983,0.00147145,0.001330257,0.249472673,0.071770469,0.000886812,0.019497457,0.010541471,0.000917341,0.000875919,0.001096978,0.001259527,0.000895555,0.001210493,0.001062475,0.001124981,0.000957817,0.000808625,0.001090563,0.000840446,0.000775894,0.000932355,0.001438081,0.001189668,0.001034551,0.001030625,0.00084547,0.001278833,0.001037827,0.00141976,0.00091687,0.000930071,0.001161483,0.001058959,Cl.39,598
0.000276995,0.000432827,0.000407693,0.000429093,0.000335493,0.000406798,0.72270253,0.453438313,0.706577865,0.818728354,0.000316611,0.000357161,0.000365456,0.000429044,0.000279032,0.000320443,0.000315841,0.000253565,0.151585886,0.000307483,0.000380742,0.000387834,0.000332633,0.00018273,0.000311983,0.000405498,0.000290358,0.220683005,0.000267596,0.000311088,0.000260286,0.000208381,0.000416861,0.000272388,0.000239901,0.000377933,0.00040406,0.000455289,0.000345674,0.000447729,0.000323914,0.000402895,0.000469631,0.000342373,0.000327196,0.00047104,0.000397193,0.000369001,0.000532147,0.000262371,0.000404167,0.000517414,0.000397095,0.000366072,0.000250762,0.000179998,0.000430295,0.000437807,0.000281216,0.000228365,0.000355753,Cl.40,6643
0.004687239,0.005421683,0.018980743,0.004470924,0.005538449,0.004533236,0.005125417,0.016955838,0.004640143,0.00563966,0.005125006,0.005074738,0.004272846,0.004824266,0.213850421,0.022572158,0.031546606,0.033149662,0.021977989,0.006000182,0.00632904,0.026098709,0.507775123,0.005334234,0.006489155,0.004491204,0.005254262,0.004660148,0.0054104,0.00450759,0.005414596,0.005450164,0.005003842,0.004586066,0.007351104,0.425794761,0.004165226,0.005099671,0.007598553,0.004454777,0.004921549,0.005476515,0.005321728,0.005555936,0.005266221,0.005376273,0.004356204,0.003814448,0.004693255,0.004126188,0.004487874,0.006426838,0.004750062,0.0052174,0.005659948,0.005217945,0.006643664,0.004759316,0.004780463,0.004121877,0.005164536,Cl.41,91
0.000262893,0.000291579,0.000402761,0.000332123,0.000315277,0.000308125,0.000219523,0.000271039,0.000270057,0.000292233,0.000252373,0.000218383,0.000257912,0.000260814,0.000215634,0.00027616,0.00024835,0.000219485,0.00022945,0.000314596,0.00030428,0.000271722,0.000277677,0.788030712,0.374323158,0.002906753,0.000265674,0.000270493,0.000254971,0.00028528,0.75424386,0.505014579,0.000307336,0.16462669,0.083481715,0.000372356,0.000301798,0.00039763,0.000368597,0.000323342,0.000320562,0.000282005,0.000338718,0.000312154,0.00035862,0.000501905,0.000297311,0.000379745,0.000314309,0.000316842,0.000480648,0.000351246,0.000345508,0.000229725,0.000477692,0.000267126,0.000299223,0.000339716,0.000278822,0.00022409,0.000300665,Cl.42,14330
0.238954108,0.270324829,0.002950602,0.103962822,0.001125778,0.000816438,0.000663162,0.001439042,0.000704574,0.000910763,0.001237251,0.001353433,0.001009478,0.001593653,0.002402257,0.016515321,0.001040018,0.003100829,0.002123129,0.001102534,0.001099199,0.009934452,0.001890262,0.000873316,0.001005427,0.000651815,0.001080808,0.000641246,0.000770326,0.001237648,0.000914731,0.000969358,0.001087917,0.000974384,0.0011679,0.003357293,0.000836602,0.00148369,0.001712041,0.001292824,0.000924872,0.000935491,0.000929624,0.00136468,0.000894051,0.000929749,0.001123155,0.000741662,0.00127604,0.000995642,0.001113201,0.001734629,0.001390794,0.000950555,0.000718961,0.000705815,0.00121753,0.000962866,0.001512931,0.00089388,0.001160811,Cl.56,670
0.152819111,0.201475839,0.247690823,0.227329651,0.007094031,0.005756972,0.006315507,0.121991833,0.006473503,0.006007355,0.139172066,0.071652929,0.103766802,0.110522764,0.09931984,0.267544553,0.018598801,0.223725636,0.147523837,0.184942654,0.161908384,0.24150486,0.155901946,0.008882727,0.008423335,0.117093808,0.007111147,0.008852809,0.169155977,0.178353688,0.0072253,0.006590313,0.006580091,0.006919545,0.111402671,0.160918291,0.006007174,0.006632051,0.01138892,0.00770623,0.007202007,0.006261966,0.008207998,0.006492675,0.007705756,0.006599987,0.007396293,0.00545941,0.007105696,0.006090023,0.00653776,0.006884912,0.008843881,0.005415085,0.00681823,0.009715081,0.010861231,0.006217137,0.009539557,0.008679783,0.007139835,Cl.62,40
0.00169498,0.002421298,0.002139112,0.001853274,0.001351375,0.00156557,0.001933905,0.001826598,0.001335525,0.001547979,0.002955073,0.002107715,0.001431074,0.001647743,0.001818118,0.002213254,0.001689008,0.002331664,0.0023232,0.207568187,0.201206566,0.002347284,0.001587683,0.001342434,0.001583346,0.002228586,0.002054777,0.001583306,0.14545346,0.188493193,0.001879518,0.0019617,0.001429903,0.001378002,0.002678475,0.001793971,0.001710526,0.001659993,0.002273111,0.001575567,0.001912468,0.001711255,0.001344673,0.001563675,0.001522611,0.001436386,0.001518926,0.001865139,0.001960416,0.001805547,0.001254083,0.00182422,0.00220332,0.00213541,0.001564451,0.00148808,0.003837906,0.00143328,0.002631451,0.001913539,0.001430465,Cl.76,348
0.002078755,0.001678222,0.003854787,0.001639911,0.00194019,0.001346422,0.001801068,0.006786771,0.001431722,0.001471108,0.002160941,0.001428353,0.001365513,0.001535387,0.019131608,0.515149046,0.004382645,0.055735255,0.012399959,0.001403346,0.002098289,0.381405581,0.015083586,0.001274945,0.001596251,0.001288541,0.002049455,0.001211921,0.001415005,0.001446245,0.00178321,0.001979259,0.001325539,0.001846313,0.001900051,0.037427129,0.001600523,0.00225485,0.001690133,0.00163444,0.001189546,0.001276903,0.001777336,0.001639507,0.001735769,0.001308699,0.001426776,0.001682043,0.002137348,0.001339625,0.002452656,0.001501863,0.00200602,0.001197761,0.001754328,0.00306939,0.001702015,0.001560848,0.002221921,0.001160938,0.00251834,Cl.84,392
0.049199993,0.049265431,0.050540972,0.050677265,0.053943374,0.059092184,0.050989997,0.055189723,0.056009031,0.054390471,0.050602444,0.053255903,0.055126393,0.056109689,0.052067614,0.058434126,0.055874159,0.057849516,0.056556797,0.056811365,0.053614796,0.058064186,0.051335508,0.054231453,0.053763672,0.054734658,0.056577064,0.055321804,0.052187554,0.053693718,0.054699761,0.051923222,0.051196587,0.056205202,0.054591176,0.053894995,0.050951094,0.051676704,0.051706055,0.051474076,0.05251819,0.049122914,0.049105091,0.05140562,0.051603535,0.051542357,0.050518678,0.051032419,0.047216184,0.0512015,0.051603332,0.048726196,0.05238419,0.047582671,0.048618575,0.05153363,0.05185049,0.049770518,0.050820786,0.046032978,0.048351373,Cl.90,6161
0.305393045,0.399595028,0.393803424,0.423009588,0.004758543,0.004537943,0.004675952,0.210637567,0.004501184,0.005275254,0.323570145,0.150250753,0.27070884,0.283874774,0.182818724,0.461780376,0.033915521,0.364505155,0.213672565,0.431305978,0.410623926,0.44792307,0.291741461,0.00517255,0.005874828,0.28773501,0.005661922,0.005603271,0.41721971,0.422088193,0.005703747,0.006313472,0.005558981,0.004723492,0.312615979,0.294146097,0.005719544,0.00535949,0.00646777,0.006578398,0.004439324,0.005304711,0.006221761,0.005253903,0.005248559,0.005182972,0.005748017,0.004149703,0.008601061,0.005268305,0.004632872,0.004812737,0.005726293,0.004128251,0.005125365,0.007691088,0.010501732,0.004522173,0.008582226,0.005561551,0.006282724,Cl.99,65
0.001089901,0.001250583,0.514491885,0.001041388,0.000987036,0.001060098,0.000904617,0.001204081,0.001462195,0.001120773,0.001045319,0.001008929,0.000978312,0.000838428,0.000958866,0.000897823,0.001104209,0.00119055,0.001160716,0.001005652,0.00095573,0.001181709,0.001203322,0.000838103,0.000958785,0.001174352,0.001890087,0.000931877,0.001313598,0.00113112,0.000984377,0.001063309,0.000956016,0.001048196,0.001467748,0.001274855,0.00093405,0.001215797,0.001193912,0.00144829,0.000936492,0.001065552,0.000748746,0.001157004,0.001184816,0.000897372,0.001023803,0.00084324,0.001091139,0.000839552,0.001174904,0.001080792,0.000937606,0.001136743,0.001628538,0.000907383,0.00111046,0.001297849,0.001361607,0.000999441,0.000836828,Cl.100,521